id,username,email,created_at
1,harbordelta89,harbordelta89@acme.dev,2025-10-04 01:10:15
2,briskvalley16,briskvalley16@opswise.net,2025-09-04 06:42:55
3,dawnlagoon12,dawnlagoon12@opswise.net,2025-04-07 10:26:05
4,harbororbit49,harbororbit49@relay.cloud,2025-01-27 18:33:55
5,proudorbit83,proudorbit83@seeded.app,2024-08-29 05:38:38
6,forestsignal09,forestsignal09@acme.dev,2024-03-06 08:09:18
7,ambertrail81,ambertrail81@seeded.app,2026-01-31 17:56:53
8,warmisland28,warmisland28@opswise.net,2024-01-08 10:25:04
9,calmkernel08,calmkernel08@hackstack.io,2025-07-09 08:30:10
10,ivorybeacon41,ivorybeacon41@example.com,2026-01-27 14:25:05
11,briskcanyon57,briskcanyon57@example.com,2025-03-23 02:03:49
12,opalcanyon13,opalcanyon13@hackstack.io,2025-07-28 20:59:20
13,youngorbit61,youngorbit61@hackstack.io,2024-11-30 16:08:15
14,proudisland90,proudisland90@relay.cloud,2024-05-10 01:09:19
15,ivoryuplink85,ivoryuplink85@relay.cloud,2024-09-15 05:39:18
16,livelyharvest39,livelyharvest39@acme.dev,2024-02-21 07:41:05
17,cleargarden43,cleargarden43@relay.cloud,2025-02-22 21:38:51
18,silverorbit93,silverorbit93@opswise.net,2025-10-21 10:46:42
19,goldbeacon56,goldbeacon56@acme.dev,2025-03-19 00:14:13
20,dawnzenith80,dawnzenith80@hackstack.io,2025-04-25 23:18:49
21,urbanpioneer15,urbanpioneer15@hackstack.io,2024-10-04 21:16:26
22,goldnetwork25,goldnetwork25@opswise.net,2025-10-21 21:11:29
23,clearcanyon15,clearcanyon15@example.com,2024-03-09 15:59:28
24,forestfield64,forestfield64@acme.dev,2025-02-22 01:42:30
25,briskpioneer57,briskpioneer57@hackstack.io,2024-05-17 16:27:43
26,calmtrail08,calmtrail08@acme.dev,2024-12-05 18:16:16
27,vividkernel21,vividkernel21@hackstack.io,2024-11-05 03:31:37
28,vividzenith88,vividzenith88@acme.dev,2025-07-15 00:39:09
29,silverdelta98,silverdelta98@acme.dev,2024-09-02 16:27:15
30,ivoryharvest21,ivoryharvest21@opswise.net,2024-12-12 06:45:39
31,quietpioneer89,quietpioneer89@acme.dev,2025-12-07 00:12:37
32,quiettrail72,quiettrail72@example.com,2024-09-11 07:56:24
33,navymeadow31,navymeadow31@relay.cloud,2026-01-24 18:29:31
34,dawnuplink65,dawnuplink65@example.com,2024-08-02 08:41:53
35,ivoryzenith71,ivoryzenith71@opswise.net,2024-11-12 01:07:56
36,urbantrail00,urbantrail00@opswise.net,2026-01-12 10:07:11
37,emberanchor91,emberanchor91@example.com,2024-07-01 05:55:45
38,navyengine02,navyengine02@seeded.app,2026-01-17 03:39:09
39,urbancanyon51,urbancanyon51@hackstack.io,2024-12-05 16:06:54
40,rapidsignal30,rapidsignal30@hackstack.io,2024-05-16 13:51:55
41,ivoryjourney16,ivoryjourney16@hackstack.io,2025-04-19 06:58:58
42,briskriver89,briskriver89@opswise.net,2024-10-23 10:56:42
43,dawnmeadow48,dawnmeadow48@seeded.app,2024-05-16 12:22:14
44,silversignal97,silversignal97@example.com,2025-06-14 17:46:50
45,ivoryorbit53,ivoryorbit53@opswise.net,2024-03-16 10:12:43
46,jadezenith60,jadezenith60@relay.cloud,2024-03-22 19:43:30
47,proudharvest74,proudharvest74@hackstack.io,2024-07-02 02:33:34
48,proudlagoon96,proudlagoon96@hackstack.io,2025-01-04 23:59:15
49,briskbeacon22,briskbeacon22@relay.cloud,2024-09-17 00:43:20
50,quiettrail16,quiettrail16@acme.dev,2024-01-17 06:25:24
51,vividanchor52,vividanchor52@opswise.net,2024-09-04 11:04:51
52,opalorbit09,opalorbit09@example.com,2024-06-26 13:00:35
53,ivoryzenith62,ivoryzenith62@seeded.app,2024-10-31 22:48:58
54,livelyengine65,livelyengine65@acme.dev,2025-09-17 15:11:16
55,keenfield61,keenfield61@acme.dev,2024-03-27 09:30:30
56,jadewindow44,jadewindow44@opswise.net,2026-01-28 15:31:13
57,keensignal54,keensignal54@acme.dev,2025-08-08 11:48:45
58,clearanchor03,clearanchor03@opswise.net,2025-10-20 13:56:30
59,opalorbit04,opalorbit04@opswise.net,2025-09-19 19:43:46
60,keenorbit81,keenorbit81@seeded.app,2024-07-11 03:20:32
61,goldgarden04,goldgarden04@acme.dev,2025-08-18 11:44:19
62,vividsignal14,vividsignal14@relay.cloud,2025-12-29 22:43:43
63,warmriver63,warmriver63@seeded.app,2024-08-17 01:16:49
64,briskmeadow88,briskmeadow88@example.com,2024-09-20 20:45:08
65,dawnvalley46,dawnvalley46@opswise.net,2025-06-24 04:46:54
66,cleardelta14,cleardelta14@hackstack.io,2025-07-05 08:47:31
67,briskmeadow47,briskmeadow47@opswise.net,2024-03-10 16:08:38
68,harborsignal21,harborsignal21@example.com,2025-03-02 22:41:05
69,tidyjourney31,tidyjourney31@hackstack.io,2025-10-12 05:19:35
70,briskzenith61,briskzenith61@opswise.net,2024-07-02 00:04:30
71,goldcanyon86,goldcanyon86@relay.cloud,2025-10-18 09:28:50
72,clearkernel86,clearkernel86@hackstack.io,2025-01-17 17:12:51
73,rapidbeacon15,rapidbeacon15@relay.cloud,2024-08-21 15:02:11
74,amberfield75,amberfield75@opswise.net,2025-04-12 19:17:57
75,cleargarden35,cleargarden35@seeded.app,2025-11-07 08:52:29
76,urbanorbit75,urbanorbit75@opswise.net,2025-06-16 19:04:35
77,opaltrail47,opaltrail47@hackstack.io,2025-07-18 04:12:13
78,quietyard28,quietyard28@acme.dev,2025-04-29 08:55:06
79,quietmeadow57,quietmeadow57@example.com,2025-09-16 03:43:19
80,silverdelta35,silverdelta35@opswise.net,2025-12-09 10:06:03
81,ambertrail89,ambertrail89@hackstack.io,2025-09-21 12:01:27
82,opalwindow29,opalwindow29@example.com,2024-08-29 22:34:33
83,forestlagoon70,forestlagoon70@opswise.net,2024-10-31 11:16:31
84,vividgarden38,vividgarden38@seeded.app,2025-03-09 04:10:07
85,clearwindow73,clearwindow73@example.com,2025-02-22 04:08:11
86,navyriver98,navyriver98@hackstack.io,2025-08-20 07:00:57
87,youngtrail90,youngtrail90@seeded.app,2025-04-29 10:49:41
88,opalcanyon96,opalcanyon96@relay.cloud,2024-01-01 02:40:00
89,dawnbeacon87,dawnbeacon87@relay.cloud,2025-11-13 19:40:48
90,warmmeadow22,warmmeadow22@hackstack.io,2026-01-04 16:44:19
91,youngpioneer30,youngpioneer30@relay.cloud,2024-09-12 23:09:50
92,urbanquartz33,urbanquartz33@seeded.app,2025-05-02 09:48:59
93,silverbeacon71,silverbeacon71@opswise.net,2025-12-08 10:52:42
94,ambervalley74,ambervalley74@hackstack.io,2024-12-25 02:07:11
95,clearkernel69,clearkernel69@example.com,2025-12-02 17:50:39
96,emberanchor08,emberanchor08@acme.dev,2025-05-01 18:43:41
97,briskbeacon66,briskbeacon66@example.com,2024-03-28 19:28:33
98,cobaltdelta63,cobaltdelta63@example.com,2024-06-10 05:13:28
99,goldharvest19,goldharvest19@relay.cloud,2024-04-23 23:26:06
100,dawnsignal18,dawnsignal18@acme.dev,2024-08-21 09:32:51
101,opalharvest95,opalharvest95@relay.cloud,2025-09-08 09:47:53
102,livelyanchor49,livelyanchor49@hackstack.io,2024-05-23 15:18:37
103,amberuplink96,amberuplink96@relay.cloud,2024-10-30 22:24:14
104,livelyisland77,livelyisland77@acme.dev,2025-08-14 12:24:07
105,keenlagoon55,keenlagoon55@seeded.app,2024-07-23 07:12:19
106,melloworbit65,melloworbit65@relay.cloud,2024-05-21 07:41:50
107,cobaltuplink59,cobaltuplink59@opswise.net,2024-11-01 19:34:27
108,urbanisland33,urbanisland33@seeded.app,2024-08-15 19:50:17
109,ivoryquartz01,ivoryquartz01@seeded.app,2025-12-19 12:56:57
110,ivorysignal04,ivorysignal04@example.com,2025-07-02 14:21:11
111,cobaltvalley58,cobaltvalley58@example.com,2025-01-26 00:01:14
112,foresttrail36,foresttrail36@relay.cloud,2025-10-04 21:37:25
113,tidynetwork74,tidynetwork74@relay.cloud,2024-10-26 20:42:58
114,opalpioneer43,opalpioneer43@relay.cloud,2024-07-19 05:28:45
115,goldpioneer19,goldpioneer19@opswise.net,2025-11-22 01:32:47
116,mellowjourney18,mellowjourney18@seeded.app,2025-12-19 08:04:18
117,vividdelta73,vividdelta73@example.com,2025-11-03 12:45:38
118,urbanorbit39,urbanorbit39@relay.cloud,2024-01-06 13:20:17
119,goldquartz59,goldquartz59@example.com,2024-03-03 11:04:35
120,opalsignal76,opalsignal76@example.com,2024-01-10 22:14:35
121,calmisland35,calmisland35@example.com,2024-10-14 22:33:23
122,proudcanyon70,proudcanyon70@example.com,2024-12-12 00:11:23
123,navytrail63,navytrail63@seeded.app,2025-04-23 05:51:44
124,calmgarden45,calmgarden45@seeded.app,2025-02-12 14:14:13
125,opalsignal74,opalsignal74@example.com,2024-12-14 03:23:32
126,cobaltpioneer00,cobaltpioneer00@opswise.net,2024-07-13 16:45:13
127,opalengine93,opalengine93@relay.cloud,2025-04-25 07:03:04
128,mellowlagoon67,mellowlagoon67@seeded.app,2024-05-18 21:08:05
129,harborcanyon41,harborcanyon41@example.com,2025-07-24 21:48:07
130,youngengine33,youngengine33@hackstack.io,2024-06-14 20:48:01
131,ivoryuplink73,ivoryuplink73@opswise.net,2024-09-02 17:45:02
132,dawnwindow13,dawnwindow13@hackstack.io,2024-07-02 11:25:55
133,dawnzenith23,dawnzenith23@opswise.net,2024-12-25 10:09:32
134,keenpioneer87,keenpioneer87@hackstack.io,2025-12-29 01:02:39
135,harborwindow98,harborwindow98@example.com,2025-12-11 22:36:30
136,vividlagoon02,vividlagoon02@hackstack.io,2024-02-13 07:15:36
137,amberyard79,amberyard79@acme.dev,2024-01-03 14:30:10
138,calmbeacon56,calmbeacon56@opswise.net,2024-05-24 09:13:55
139,emberjourney62,emberjourney62@hackstack.io,2024-10-30 14:41:39
140,goldmeadow15,goldmeadow15@seeded.app,2024-07-17 08:24:08
141,rapidkernel83,rapidkernel83@seeded.app,2024-05-17 18:02:29
142,jadeanchor65,jadeanchor65@relay.cloud,2024-01-21 02:28:48
143,urbanvalley12,urbanvalley12@opswise.net,2025-01-20 05:19:46
144,silverriver61,silverriver61@hackstack.io,2025-03-03 20:03:28
145,harborfield26,harborfield26@opswise.net,2026-01-23 08:40:06
146,livelybeacon55,livelybeacon55@example.com,2025-03-26 04:32:03
147,navyjourney69,navyjourney69@example.com,2025-02-15 11:45:07
148,mellowlagoon50,mellowlagoon50@seeded.app,2025-01-20 00:57:21
149,calmgarden95,calmgarden95@example.com,2025-03-17 22:39:50
150,brisktrail20,brisktrail20@seeded.app,2025-02-03 17:54:17
151,mellowtrail10,mellowtrail10@seeded.app,2024-07-21 16:49:47
152,amberfield09,amberfield09@acme.dev,2025-03-29 15:31:22
153,harborgarden77,harborgarden77@relay.cloud,2024-11-08 17:20:59
154,warmzenith78,warmzenith78@relay.cloud,2025-04-29 13:01:32
155,quietnetwork15,quietnetwork15@opswise.net,2024-12-11 21:20:14
156,quietbeacon65,quietbeacon65@hackstack.io,2024-07-01 09:03:16
157,vividtrail40,vividtrail40@opswise.net,2024-07-21 17:31:36
158,opalriver24,opalriver24@relay.cloud,2025-10-18 13:41:45
159,dawnpioneer01,dawnpioneer01@hackstack.io,2024-07-25 10:04:44
160,silverlagoon15,silverlagoon15@example.com,2025-08-25 13:52:15
161,harborriver25,harborriver25@relay.cloud,2024-02-24 13:02:49
162,cobaltzenith17,cobaltzenith17@example.com,2024-04-19 23:39:14
163,amberuplink96,amberuplink96@example.com,2024-08-29 17:27:12
164,urbantrail95,urbantrail95@hackstack.io,2025-02-20 17:10:15
165,keenuplink61,keenuplink61@example.com,2024-12-11 22:27:46
166,proudisland51,proudisland51@opswise.net,2025-09-09 23:54:24
167,calmengine26,calmengine26@relay.cloud,2025-09-11 17:34:26
168,proudtrail96,proudtrail96@opswise.net,2024-06-30 08:05:46
169,tidysignal59,tidysignal59@opswise.net,2024-09-01 00:44:51
170,livelydelta89,livelydelta89@hackstack.io,2024-12-13 17:36:03
171,cleardelta71,cleardelta71@seeded.app,2025-11-10 05:43:03
172,cobaltriver57,cobaltriver57@relay.cloud,2024-09-22 21:16:05
173,navydelta51,navydelta51@acme.dev,2025-01-26 19:10:36
174,keenkernel63,keenkernel63@acme.dev,2024-05-24 03:06:20
175,mellowyard92,mellowyard92@example.com,2025-05-27 23:56:50
176,harbormeadow68,harbormeadow68@hackstack.io,2025-06-26 09:25:46
177,amberquartz63,amberquartz63@hackstack.io,2024-11-07 15:43:02
178,livelyanchor44,livelyanchor44@opswise.net,2024-08-22 00:19:21
179,navyanchor95,navyanchor95@seeded.app,2025-12-07 11:34:28
180,tidyriver50,tidyriver50@opswise.net,2024-08-15 00:44:26
181,harborengine14,harborengine14@hackstack.io,2025-12-23 23:12:44
182,urbanbeacon10,urbanbeacon10@hackstack.io,2025-10-24 15:44:46
183,clearjourney66,clearjourney66@seeded.app,2024-04-24 00:21:06
184,forestbeacon88,forestbeacon88@acme.dev,2024-05-23 09:01:25
185,cobaltkernel39,cobaltkernel39@acme.dev,2024-10-12 10:38:56
186,warmharvest71,warmharvest71@relay.cloud,2025-06-28 03:55:37
187,emberfield09,emberfield09@hackstack.io,2024-06-26 22:34:45
188,dawnpioneer79,dawnpioneer79@hackstack.io,2024-07-09 19:56:00
189,clearwindow74,clearwindow74@opswise.net,2026-01-14 21:07:23
190,livelyzenith79,livelyzenith79@opswise.net,2024-08-19 12:46:45
191,clearuplink53,clearuplink53@acme.dev,2026-01-31 00:38:48
192,urbanuplink08,urbanuplink08@seeded.app,2025-12-06 13:09:28
193,cleartrail68,cleartrail68@seeded.app,2025-10-07 23:58:41
194,goldyard31,goldyard31@hackstack.io,2024-10-08 07:42:35
195,vividnetwork03,vividnetwork03@opswise.net,2025-09-25 20:00:24
196,youngkernel40,youngkernel40@relay.cloud,2024-12-16 18:07:57
197,navyorbit75,navyorbit75@example.com,2024-12-23 22:04:44
198,keenzenith94,keenzenith94@opswise.net,2024-08-04 08:30:52
199,youngvalley15,youngvalley15@hackstack.io,2025-09-10 12:15:13
200,ivoryengine76,ivoryengine76@opswise.net,2024-08-12 01:44:31
201,proudfield53,proudfield53@seeded.app,2024-11-06 08:57:35
202,vividgarden13,vividgarden13@seeded.app,2024-04-30 09:23:36
203,youngyard04,youngyard04@hackstack.io,2024-02-21 10:19:41
204,forestuplink20,forestuplink20@seeded.app,2024-02-09 18:50:56
205,calmkernel23,calmkernel23@example.com,2024-06-27 20:39:20
206,briskgarden35,briskgarden35@seeded.app,2025-09-07 10:35:48
207,harborcanyon65,harborcanyon65@example.com,2024-07-02 21:50:58
208,proudharvest61,proudharvest61@acme.dev,2025-05-19 18:10:54
209,warmwindow41,warmwindow41@relay.cloud,2025-07-16 06:41:02
210,harbororbit15,harbororbit15@hackstack.io,2025-06-28 20:59:59
211,forestpioneer29,forestpioneer29@relay.cloud,2024-03-02 03:31:39
212,rapidnetwork52,rapidnetwork52@example.com,2025-05-03 05:04:53
213,urbanlagoon63,urbanlagoon63@example.com,2024-08-30 02:23:40
214,calmwindow24,calmwindow24@opswise.net,2024-10-11 00:47:06
215,proudyard12,proudyard12@seeded.app,2024-09-12 06:19:11
216,livelylagoon85,livelylagoon85@example.com,2024-11-12 13:01:06
217,mellowkernel17,mellowkernel17@opswise.net,2025-09-06 11:06:53
218,jadeyard18,jadeyard18@acme.dev,2024-12-06 14:45:07
219,navyanchor24,navyanchor24@acme.dev,2025-12-17 06:39:26
220,amberyard51,amberyard51@acme.dev,2024-01-18 14:43:27
221,keenlagoon10,keenlagoon10@seeded.app,2024-06-17 20:32:37
222,livelyjourney67,livelyjourney67@relay.cloud,2025-09-20 07:20:40
223,calmquartz76,calmquartz76@relay.cloud,2025-11-07 10:42:56
224,embersignal72,embersignal72@seeded.app,2026-01-05 10:44:21
225,ivorylagoon62,ivorylagoon62@acme.dev,2024-10-30 06:37:31
226,silvercanyon86,silvercanyon86@relay.cloud,2025-06-30 10:03:56
227,urbanjourney91,urbanjourney91@relay.cloud,2025-06-14 10:37:04
228,vividjourney02,vividjourney02@example.com,2025-03-04 17:48:06
229,goldharvest37,goldharvest37@seeded.app,2025-04-16 08:42:48
230,dawnfield74,dawnfield74@acme.dev,2024-07-01 10:40:38
231,youngvalley68,youngvalley68@relay.cloud,2025-05-12 18:19:44
232,mellownetwork38,mellownetwork38@example.com,2025-03-18 21:21:38
233,youngtrail94,youngtrail94@example.com,2024-04-05 22:04:18
234,calmbeacon28,calmbeacon28@hackstack.io,2024-04-15 17:50:47
235,cleargarden08,cleargarden08@seeded.app,2024-11-28 10:29:44
236,navywindow75,navywindow75@seeded.app,2024-01-19 23:30:47
237,silverpioneer31,silverpioneer31@relay.cloud,2024-03-06 06:12:47
238,tidysignal04,tidysignal04@relay.cloud,2024-01-29 13:23:52
239,keengarden05,keengarden05@acme.dev,2025-03-07 03:47:08
240,opalisland83,opalisland83@hackstack.io,2024-01-29 23:03:16
241,opalfield33,opalfield33@relay.cloud,2026-01-09 17:56:03
242,warmuplink94,warmuplink94@hackstack.io,2024-02-28 06:07:57
243,silversignal55,silversignal55@example.com,2025-09-01 21:11:34
244,emberengine64,emberengine64@seeded.app,2025-11-08 14:17:18
245,cobaltisland06,cobaltisland06@hackstack.io,2024-02-10 22:04:26
246,clearyard86,clearyard86@hackstack.io,2025-11-20 03:36:49
247,opalcanyon52,opalcanyon52@example.com,2025-12-08 19:14:46
248,goldgarden62,goldgarden62@acme.dev,2024-07-14 08:23:36
249,mellowisland79,mellowisland79@opswise.net,2024-06-04 08:39:03
250,cobaltlagoon70,cobaltlagoon70@hackstack.io,2025-07-14 06:01:31
251,dawnmeadow98,dawnmeadow98@relay.cloud,2024-10-31 19:39:41
252,keenanchor94,keenanchor94@example.com,2025-03-09 04:22:55
253,rapiddelta33,rapiddelta33@relay.cloud,2024-07-17 08:32:42
254,rapidzenith30,rapidzenith30@acme.dev,2025-01-23 15:58:25
255,silverjourney54,silverjourney54@example.com,2025-10-09 17:21:13
256,cobaltkernel49,cobaltkernel49@opswise.net,2024-07-08 13:30:37
257,goldorbit04,goldorbit04@example.com,2024-08-07 16:08:41
258,mellowanchor37,mellowanchor37@relay.cloud,2024-03-18 05:25:45
259,vividgarden85,vividgarden85@opswise.net,2024-12-05 09:51:03
260,cobaltgarden23,cobaltgarden23@example.com,2025-03-12 19:46:32
261,cobaltengine96,cobaltengine96@hackstack.io,2024-12-28 16:30:40
262,warmfield42,warmfield42@opswise.net,2025-06-11 09:23:21
263,vividvalley34,vividvalley34@relay.cloud,2025-12-13 08:52:01
264,youngkernel39,youngkernel39@seeded.app,2026-01-08 23:54:33
265,proudnetwork10,proudnetwork10@example.com,2025-06-26 21:04:31
266,proudquartz84,proudquartz84@relay.cloud,2024-09-19 11:37:54
267,forestquartz31,forestquartz31@hackstack.io,2025-12-16 18:14:55
268,amberwindow46,amberwindow46@relay.cloud,2024-05-07 03:02:43
269,goldjourney23,goldjourney23@hackstack.io,2025-10-28 08:45:49
270,briskisland35,briskisland35@hackstack.io,2024-05-15 17:55:23
271,proudwindow78,proudwindow78@acme.dev,2024-05-07 16:18:32
272,quietnetwork61,quietnetwork61@seeded.app,2025-12-02 10:05:46
273,mellownetwork34,mellownetwork34@relay.cloud,2024-05-23 05:35:09
274,tidyuplink12,tidyuplink12@relay.cloud,2024-12-09 09:36:58
275,ivorywindow76,ivorywindow76@hackstack.io,2025-09-09 14:06:45
276,emberanchor23,emberanchor23@example.com,2025-04-09 07:50:19
277,rapidanchor22,rapidanchor22@hackstack.io,2025-08-19 13:33:17
278,livelylagoon08,livelylagoon08@hackstack.io,2024-08-09 14:34:04
279,keenmeadow28,keenmeadow28@seeded.app,2024-02-24 00:38:36
280,rapidjourney45,rapidjourney45@example.com,2024-04-09 18:34:54
281,keenbeacon69,keenbeacon69@hackstack.io,2024-08-27 09:54:32
282,keenanchor44,keenanchor44@acme.dev,2024-07-25 16:51:14
283,proudyard82,proudyard82@seeded.app,2024-09-18 11:47:14
284,embercanyon83,embercanyon83@example.com,2025-08-11 01:01:31
285,emberpioneer84,emberpioneer84@opswise.net,2025-01-26 10:54:30
286,clearanchor77,clearanchor77@relay.cloud,2025-12-11 13:00:42
287,jadefield37,jadefield37@acme.dev,2025-10-12 14:37:29
288,harborsignal02,harborsignal02@relay.cloud,2024-08-06 16:11:40
289,keenlagoon69,keenlagoon69@acme.dev,2025-10-15 19:53:12
290,keenriver28,keenriver28@acme.dev,2025-07-10 06:12:11
291,silverharvest94,silverharvest94@seeded.app,2024-11-11 06:22:22
292,silverdelta20,silverdelta20@relay.cloud,2025-04-25 19:03:02
293,forestjourney11,forestjourney11@example.com,2026-01-22 01:11:43
294,mellowfield11,mellowfield11@relay.cloud,2024-03-19 22:45:36
295,calmharvest93,calmharvest93@acme.dev,2024-12-29 05:50:12
296,amberorbit39,amberorbit39@example.com,2024-06-23 02:13:57
297,urbanwindow82,urbanwindow82@opswise.net,2025-09-29 06:40:09
298,melloworbit64,melloworbit64@acme.dev,2026-01-28 10:02:28
299,emberanchor11,emberanchor11@seeded.app,2025-11-23 02:48:55
300,embercanyon83,embercanyon83@example.com,2025-05-17 19:31:42
301,emberpioneer43,emberpioneer43@opswise.net,2025-10-09 00:45:06
302,goldfield14,goldfield14@hackstack.io,2025-01-18 00:48:23
303,goldengine51,goldengine51@seeded.app,2025-12-05 16:25:25
304,ivoryengine61,ivoryengine61@seeded.app,2024-05-25 11:46:59
305,warmfield87,warmfield87@acme.dev,2024-02-17 20:15:00
306,dawncanyon00,dawncanyon00@example.com,2025-12-09 19:21:40
307,urbanvalley53,urbanvalley53@relay.cloud,2024-06-24 05:45:09
308,emberanchor67,emberanchor67@example.com,2024-02-15 02:50:31
309,forestgarden26,forestgarden26@example.com,2024-02-04 19:27:45
310,emberzenith40,emberzenith40@acme.dev,2024-10-27 11:02:25
311,briskjourney50,briskjourney50@hackstack.io,2024-01-03 06:18:41
312,briskpioneer21,briskpioneer21@hackstack.io,2024-07-10 01:59:35
313,proudorbit24,proudorbit24@seeded.app,2024-09-14 08:07:22
314,forestzenith78,forestzenith78@example.com,2024-07-15 11:01:20
315,urbannetwork75,urbannetwork75@example.com,2025-01-19 22:58:46
316,urbanuplink84,urbanuplink84@hackstack.io,2024-06-22 22:47:57
317,opalyard66,opalyard66@hackstack.io,2026-01-27 16:46:37
318,harboruplink10,harboruplink10@relay.cloud,2026-01-11 09:31:27
319,silvercanyon64,silvercanyon64@hackstack.io,2025-07-13 20:56:47
320,harborjourney57,harborjourney57@acme.dev,2024-07-15 05:31:05
321,tidyharvest21,tidyharvest21@seeded.app,2024-04-27 23:00:23
322,clearuplink88,clearuplink88@seeded.app,2024-08-08 07:17:55
323,rapidquartz96,rapidquartz96@opswise.net,2024-03-02 09:42:40
324,calmorbit88,calmorbit88@example.com,2024-04-26 05:55:34
325,calmtrail41,calmtrail41@seeded.app,2024-02-12 19:30:00
326,silveryard31,silveryard31@acme.dev,2026-01-09 14:21:12
327,mellowcanyon19,mellowcanyon19@seeded.app,2024-01-14 21:49:36
328,keennetwork55,keennetwork55@relay.cloud,2025-09-13 23:28:50
329,warmdelta37,warmdelta37@relay.cloud,2025-11-01 03:50:24
330,youngwindow76,youngwindow76@acme.dev,2025-10-28 02:11:30
331,rapidwindow93,rapidwindow93@opswise.net,2024-07-02 01:39:56
332,silverjourney26,silverjourney26@hackstack.io,2024-06-25 06:51:02
333,keenorbit46,keenorbit46@example.com,2024-06-25 07:07:51
334,vividjourney37,vividjourney37@example.com,2024-05-24 20:03:24
335,clearyard56,clearyard56@example.com,2025-05-03 03:19:15
336,silvernetwork76,silvernetwork76@relay.cloud,2024-03-06 10:40:09
337,briskbeacon28,briskbeacon28@example.com,2025-06-11 05:29:43
338,proudvalley49,proudvalley49@example.com,2024-04-01 15:19:36
339,clearzenith06,clearzenith06@seeded.app,2024-09-12 00:36:43
340,mellowyard84,mellowyard84@hackstack.io,2025-10-28 19:34:24
341,harborharvest57,harborharvest57@relay.cloud,2025-01-22 19:34:02
342,youngengine68,youngengine68@example.com,2025-06-07 23:38:51
343,jadezenith95,jadezenith95@seeded.app,2026-01-24 04:29:25
344,silvergarden98,silvergarden98@example.com,2025-07-29 01:27:38
345,urbanengine34,urbanengine34@example.com,2024-11-07 03:08:51
346,rapidmeadow27,rapidmeadow27@opswise.net,2025-02-19 13:12:49
347,navyfield65,navyfield65@hackstack.io,2024-09-08 00:41:38
348,clearengine90,clearengine90@opswise.net,2025-07-28 09:11:53
349,forestorbit81,forestorbit81@opswise.net,2025-08-16 21:51:23
350,ivoryanchor96,ivoryanchor96@seeded.app,2025-05-30 09:40:35
351,proudorbit26,proudorbit26@seeded.app,2025-01-10 22:00:10
352,dawnjourney25,dawnjourney25@example.com,2025-09-05 18:21:53
353,briskvalley48,briskvalley48@relay.cloud,2025-04-28 02:14:47
354,clearquartz45,clearquartz45@acme.dev,2025-01-08 01:17:08
355,vividzenith38,vividzenith38@seeded.app,2024-11-15 04:47:12
356,urbanjourney93,urbanjourney93@opswise.net,2024-05-25 15:48:24
357,youngnetwork10,youngnetwork10@hackstack.io,2024-06-08 15:28:34
358,youngbeacon99,youngbeacon99@hackstack.io,2025-04-27 06:22:53
359,forestkernel44,forestkernel44@acme.dev,2024-08-08 01:16:16
360,silverengine73,silverengine73@seeded.app,2025-05-28 05:57:18
361,opalorbit82,opalorbit82@seeded.app,2024-06-17 15:38:52
362,clearkernel91,clearkernel91@hackstack.io,2025-11-04 10:57:22
363,briskmeadow52,briskmeadow52@example.com,2025-04-26 15:09:37
364,forestmeadow87,forestmeadow87@acme.dev,2025-10-11 06:39:55
365,harborpioneer41,harborpioneer41@hackstack.io,2024-06-28 10:44:06
366,forestpioneer27,forestpioneer27@acme.dev,2025-12-23 01:44:38
367,ivoryorbit76,ivoryorbit76@seeded.app,2025-09-11 03:53:07
368,quietkernel27,quietkernel27@example.com,2024-02-08 11:44:10
369,forestvalley81,forestvalley81@seeded.app,2024-10-09 18:45:15
370,navysignal66,navysignal66@hackstack.io,2026-01-29 03:24:51
371,urbanpioneer71,urbanpioneer71@hackstack.io,2024-07-15 12:45:02
372,vividcanyon71,vividcanyon71@acme.dev,2025-03-04 19:01:50
373,forestpioneer10,forestpioneer10@opswise.net,2024-12-29 17:07:39
374,amberzenith29,amberzenith29@hackstack.io,2024-01-29 10:26:55
375,embersignal31,embersignal31@example.com,2026-02-01 10:52:35
376,harborsignal33,harborsignal33@seeded.app,2024-11-01 15:20:18
377,livelyyard09,livelyyard09@opswise.net,2025-05-25 23:11:21
378,dawnpioneer53,dawnpioneer53@acme.dev,2025-01-02 00:05:46
379,opalriver12,opalriver12@seeded.app,2024-06-21 15:51:59
380,jadenetwork74,jadenetwork74@seeded.app,2025-07-25 11:04:52
381,quietdelta90,quietdelta90@relay.cloud,2024-11-05 19:50:56
382,navyyard22,navyyard22@opswise.net,2025-05-06 16:24:19
383,opalpioneer48,opalpioneer48@acme.dev,2025-10-29 03:35:22
384,warmnetwork77,warmnetwork77@opswise.net,2024-04-24 03:46:12
385,silvercanyon07,silvercanyon07@relay.cloud,2025-12-25 07:42:27
386,vividkernel07,vividkernel07@seeded.app,2025-03-18 19:06:41
387,warmengine59,warmengine59@acme.dev,2024-12-06 17:19:08
388,silvergarden11,silvergarden11@hackstack.io,2025-11-27 08:51:20
389,youngharvest02,youngharvest02@acme.dev,2024-01-01 04:14:33
390,rapidbeacon11,rapidbeacon11@hackstack.io,2025-09-28 20:58:21
391,amberkernel96,amberkernel96@relay.cloud,2024-05-27 18:04:00
392,jadewindow30,jadewindow30@hackstack.io,2024-11-13 02:54:47
393,livelyquartz30,livelyquartz30@acme.dev,2024-05-28 23:28:50
394,opalcanyon23,opalcanyon23@opswise.net,2025-10-03 13:34:40
395,mellowriver67,mellowriver67@opswise.net,2025-10-29 22:15:29
396,proudsignal37,proudsignal37@acme.dev,2025-10-26 23:10:02
397,forestisland26,forestisland26@seeded.app,2024-06-29 10:55:17
398,calmyard95,calmyard95@relay.cloud,2024-11-16 09:37:51
399,melloworbit32,melloworbit32@seeded.app,2025-11-24 02:46:23
400,opalyard12,opalyard12@example.com,2025-10-14 08:51:30
